店舗 ID,面積 (m^2),駅からの距離 (km),周辺人口 (千人),競合店数,商品点数,売上 (千円)
1,33,1.7,41,0,38,884
2,36,4.7,23,0,36,554
3,29,3.2,46,0,36,677
4,43,3.7,25,5,30,478
5,34,2.0,40,2,40,828
6,34,1.6,43,1,35,923
7,32,2.2,45,5,38,779
8,42,1.0,37,1,32,913
9,42,3.5,24,1,36,634
10,24,5.7,29,0,39,330
11,34,2.2,33,2,39,788
12,41,5.7,42,5,37,316
13,28,1.6,47,5,39,717
14,25,0.5,24,3,34,784
15,36,2.5,41,1,36,792
16,28,2.2,28,1,39,713
17,39,5.0,38,4,35,478
18,25,1.2,27,0,35,907
19,41,1.1,33,0,37,980
20,26,5.8,26,2,39,282
21,35,0.6,49,4,30,985
22,43,1.0,17,1,40,797
23,29,5.4,23,4,38,349
24,30,1.2,17,4,38,760
25,44,4.1,16,4,40,421
26,33,5.0,24,2,30,466
27,45,3.3,24,2,32,696
28,27,4.7,27,4,31,465
29,32,3.6,20,3,32,523
30,44,3.0,26,2,35,649
31,24,4.5,38,5,38,368
32,39,1.1,48,5,34,826
33,29,1.8,32,3,33,732
34,41,0.2,39,5,34,937
35,21,3.9,35,3,30,458
36,38,3.5,47,4,36,620
37,28,4.0,45,4,31,464
38,24,6.0,28,2,37,317
39,20,1.7,34,0,35,852
40,28,2.8,16,0,34,624
41,28,5.5,23,2,39,329
42,29,2.9,38,0,39,757
43,40,3.7,37,0,39,729
44,25,1.9,29,0,38,820
45,29,4.2,38,0,38,651
46,33,3.8,26,5,39,493
47,39,4.2,27,5,39,500
48,29,5.4,35,4,37,294
49,23,3.4,19,1,31,516
50,41,5.4,34,4,34,317
51,24,0.5,42,2,37,896
52,32,3.2,36,3,40,589
53,26,3.2,34,4,35,648
54,25,0.8,21,0,34,822
55,24,2.2,49,5,40,668
56,34,5.4,34,4,35,435
57,40,4.9,44,5,31,516
58,25,1.8,20,5,37,701
59,20,3.5,33,1,37,568
60,44,2.4,38,5,39,638
61,41,5.7,29,5,35,246
62,26,5.4,34,5,31,403
63,37,3.9,38,4,33,543
64,26,1.8,29,4,39,713
65,38,5.3,31,1,36,449
66,27,5.2,37,4,30,424
67,45,4.6,29,3,32,512
68,23,4.4,38,5,38,481
69,20,2.7,41,2,32,706
70,41,2.4,39,0,36,858
71,44,5.6,15,4,38,340
72,34,1.3,42,1,35,867
73,44,3.3,27,4,36,562
74,43,2.6,24,3,32,621
75,23,5.1,19,0,35,439
76,38,5.3,45,4,32,470
77,32,1.1,40,4,36,769
78,27,0.4,22,0,30,878
79,27,3.8,28,1,39,616
80,29,0.1,34,0,32,952
81,37,5.2,36,0,30,486
82,38,1.7,34,1,38,766
83,40,4.4,23,4,35,475
84,43,2.8,24,1,36,749
85,26,1.4,43,3,40,861
86,20,1.3,39,3,33,863
87,42,1.0,39,2,32,861
88,30,0.4,15,1,36,922
89,28,5.8,39,4,35,363
90,37,0.0,17,3,38,920
91,43,3.5,47,0,40,712
92,40,1.5,16,5,30,706
93,26,1.1,34,5,36,732
94,41,1.6,29,5,38,811
95,29,4.1,28,0,38,495
96,29,0.7,17,2,31,808
97,45,4.9,50,3,33,533
98,41,4.2,50,3,33,548
99,23,3.1,35,2,39,594
100,26,0.6,36,2,31,974
101,32,1.8,26,1,31,836
102,35,1.7,29,1,35,837
103,23,1.7,37,1,37,853
104,41,4.7,16,4,38,431
105,30,4.4,16,0,30,505
106,24,5.9,30,2,33,307
107,36,2.3,45,5,40,706
108,44,1.3,49,1,37,939
109,24,5.2,30,2,31,408
110,42,2.7,42,4,40,738
111,34,3.2,32,4,31,658
112,27,4.6,49,4,37,460
113,20,4.6,31,2,30,479
114,21,3.7,45,2,39,666
115,29,4.2,18,3,38,522
116,20,1.4,25,3,40,813
117,29,1.7,45,3,32,825
118,25,4.6,16,0,32,496
119,29,3.0,27,2,32,623
120,45,1.2,20,3,40,821
121,33,5.8,17,4,31,265
122,21,4.9,44,5,38,476
123,39,0.7,50,5,40,859
124,22,5.2,18,0,39,428
125,40,5.9,31,1,34,402
126,28,2.4,24,1,30,691
127,34,5.0,23,1,33,438
128,42,5.5,41,5,32,377
129,44,3.9,37,1,40,615
130,39,3.6,20,5,37,433
131,41,3.1,19,4,30,606
132,31,4.9,28,0,37,415
133,37,3.0,45,1,30,733
134,44,5.1,36,2,39,470
135,25,3.3,17,3,35,606
136,44,4.2,49,3,34,659
137,25,2.3,18,0,34,772
138,43,4.6,21,3,40,516
139,30,3.7,17,1,31,544
140,28,2.1,49,4,39,805
141,21,5.7,21,2,35,301
142,31,6.0,16,2,39,346
143,29,0.3,38,1,39,1005
144,27,2.9,50,5,39,607
145,45,0.7,49,0,31,1071
146,26,3.5,33,2,38,591
147,43,3.3,40,1,34,697
148,31,1.5,16,1,38,733
149,33,3.2,26,5,32,624
150,20,3.3,38,5,31,503
151,20,1.0,21,0,37,913
152,43,4.5,25,4,38,531
153,44,0.7,23,2,33,945
154,34,1.7,48,5,31,823
155,41,1.6,50,0,36,991
156,28,5.3,28,0,40,445
157,37,3.1,49,0,35,688
158,39,2.0,40,3,34,838
159,38,2.8,36,3,40,649
160,35,3.8,50,0,31,628
161,36,4.3,27,4,36,526
162,35,4.3,44,3,35,582
163,39,4.8,27,1,35,457
164,22,3.3,50,1,31,702
165,25,4.0,25,0,31,527
166,28,5.7,47,4,37,296
167,22,0.6,17,1,34,874
168,26,5.2,18,2,34,408
169,28,4.0,15,1,39,453
170,38,6.0,43,1,36,391
171,21,2.2,40,3,32,782
172,25,1.6,46,0,36,875
173,22,2.4,31,0,35,742
174,37,0.0,43,1,32,1066
175,32,1.5,25,4,30,709
176,32,1.3,37,0,30,933
177,31,0.9,19,4,33,786
178,28,0.9,38,3,31,926
179,20,1.1,22,2,31,752
180,41,3.9,23,0,31,598
181,22,2.3,27,2,34,753
182,38,4.8,30,2,38,524
183,24,1.5,33,5,35,721
184,43,3.6,30,4,35,596
185,34,0.1,41,5,33,887
186,31,4.4,23,4,40,370
187,29,2.9,30,1,32,665
188,43,4.9,41,3,39,536
189,34,0.8,28,3,35,798
190,38,2.5,22,1,35,658
191,43,4.7,31,3,34,502
192,42,0.7,16,0,40,980
193,29,0.2,35,4,39,935
194,37,3.2,35,3,39,681
195,30,2.2,19,3,35,698
196,41,4.3,21,0,36,505
197,24,4.2,48,2,38,544
198,45,5.0,19,1,37,397
199,20,4.1,18,4,32,444
200,38,4.1,24,2,32,538
201,41,3.8,47,1,31,726
202,35,4.4,28,2,36,438
203,34,3.0,25,0,33,658
204,36,1.1,49,0,40,900
205,35,5.1,34,0,32,452
206,31,2.0,17,3,35,658
207,40,4.6,20,1,33,442
208,45,0.0,44,1,32,1123
209,23,5.8,36,2,40,412
210,27,4.8,46,1,31,561
211,28,5.3,42,3,33,437
212,42,3.1,32,1,30,705
213,26,1.0,30,2,36,840
214,35,0.7,19,1,33,887
215,45,5.2,16,2,37,463
216,27,3.8,26,3,39,448
217,39,5.4,22,4,35,414
218,21,2.4,18,0,34,672
219,30,2.0,16,4,40,592
220,31,1.5,26,3,39,827
221,44,4.7,16,1,32,545
222,22,2.1,40,5,37,638
223,30,0.1,18,0,31,1029
224,25,1.6,41,5,33,775
225,32,0.8,26,0,32,910
226,33,0.2,27,3,35,851
227,22,2.8,24,1,32,637
228,45,3.9,35,0,34,632
229,23,4.6,42,4,33,488
230,24,1.8,36,0,40,751
231,20,0.4,15,0,34,888
232,38,1.2,35,5,36,861
233,31,0.7,41,0,33,1008
234,27,5.9,19,5,34,182
235,21,0.9,19,5,37,759
236,33,3.0,50,5,31,623
237,31,0.3,42,2,34,1001
238,40,1.9,37,2,39,735
239,43,5.4,23,5,36,362
240,34,5.2,16,5,40,360
241,38,5.8,50,5,36,320
242,25,0.7,42,0,38,964
243,26,5.5,21,2,33,412
244,33,1.7,49,2,35,798
245,40,2.3,43,0,36,785
246,26,2.2,44,3,40,788
247,37,4.9,37,4,31,493
248,42,3.2,20,4,38,515
249,26,0.0,36,2,36,983
250,25,1.8,27,5,32,684
251,22,1.9,48,0,37,853
252,33,2.8,38,5,40,679
253,31,3.4,27,1,40,606
254,28,4.5,40,1,30,478
255,34,1.1,31,5,36,794
256,41,4.8,29,3,39,522
257,23,1.7,38,5,34,693
258,33,6.0,45,2,32,364
259,21,5.1,16,5,33,294
260,24,2.6,26,1,35,730
261,45,0.4,30,5,34,926
262,38,4.1,19,5,38,419
263,21,1.7,34,4,32,726
264,26,1.1,22,4,40,704
265,29,0.1,32,4,35,946
266,31,3.4,35,2,39,585
267,29,0.6,44,1,38,895
268,43,0.4,29,2,40,980
269,21,2.7,25,2,40,625
270,28,5.2,15,3,40,324
271,34,5.3,46,2,33,392
272,20,1.9,24,0,36,816
273,30,5.0,43,0,33,487
274,28,2.1,30,1,40,700
275,21,4.0,34,4,39,459
276,42,4.2,31,2,39,593
277,40,2.1,22,5,39,676
278,31,0.2,46,2,37,1016
279,37,3.5,34,1,40,579
280,38,1.6,31,2,31,805
281,34,0.1,30,3,32,1010
282,32,1.5,21,4,37,803
283,37,0.8,41,3,33,952
284,29,5.6,47,5,33,413
285,35,3.7,18,3,35,478
286,45,0.8,46,5,33,914
287,45,0.5,41,5,34,968
288,42,2.1,47,1,38,835
289,39,0.6,50,0,38,985
290,30,2.5,42,5,39,680
291,33,5.1,43,5,34,399
292,34,3.9,44,5,36,572
293,32,0.3,27,4,32,886
294,44,4.6,26,1,38,478
295,36,0.9,46,1,38,929
296,33,2.5,38,4,34,626
297,24,2.9,46,4,35,615
298,21,2.8,43,3,40,708
299,45,6.0,38,3,31,293
300,26,2.0,44,1,37,850
301,40,0.3,34,4,40,939
302,28,5.1,33,0,34,401
303,45,2.8,25,3,31,687
304,20,5.0,15,2,34,304
305,40,4.6,50,3,38,548
306,22,3.6,31,1,32,550
307,34,3.1,49,5,40,673
308,42,2.8,17,3,31,576
309,33,2.0,41,1,31,826
310,42,3.2,45,3,34,731
311,44,4.9,45,2,38,511
312,33,0.4,18,0,33,974
313,29,4.5,50,1,36,609
314,33,1.4,39,0,30,842
315,31,4.9,17,0,33,448
316,22,1.5,46,5,32,840
317,22,3.2,40,3,33,598
318,33,1.5,45,4,35,742
319,32,6.0,42,1,30,434
320,22,1.2,41,4,31,840
321,42,5.0,18,1,38,505
322,33,2.1,34,1,33,835
323,21,3.4,40,5,31,557
324,29,0.0,18,2,38,889
325,20,0.9,17,4,32,833
326,42,2.9,18,0,37,762
327,31,0.9,49,4,31,911
328,39,3.0,16,4,40,562
329,27,1.8,30,3,35,712
330,38,0.2,40,2,34,1050
331,22,2.1,16,4,36,638
332,43,5.3,38,0,31,497
333,27,0.9,28,3,40,775
334,35,1.6,48,3,35,779
335,43,0.7,41,3,33,929
336,32,2.5,30,1,32,728
337,34,5.3,20,3,32,363
338,22,5.9,45,4,36,295
339,27,1.7,40,0,38,783
340,44,5.2,22,1,38,415
341,31,0.6,44,2,37,935
342,29,0.0,49,4,34,1022
343,38,2.5,23,1,40,712
344,43,1.3,28,2,31,858
345,35,5.4,21,3,38,289
346,36,0.0,27,5,36,844
347,20,0.8,26,0,35,864
348,32,4.8,46,4,36,523
349,41,4.3,28,4,36,431
350,21,4.7,46,0,38,527
351,33,1.4,45,4,37,877
352,22,0.1,44,1,33,967
353,45,0.1,27,0,35,973
354,23,1.9,46,2,33,801
355,35,3.3,19,1,37,628
356,36,5.5,45,2,38,513
357,38,3.4,38,1,37,720
358,38,2.3,28,3,35,678
359,31,1.4,43,3,36,886
360,30,3.0,34,0,40,757
361,45,1.6,50,2,30,923
362,38,0.8,29,3,35,879
363,34,1.1,16,1,36,819
364,31,2.1,24,1,40,741
365,26,4.3,34,2,40,531
366,35,2.1,40,4,39,740
367,32,3.9,35,3,36,549
368,40,2.8,17,2,35,676
369,44,3.1,36,4,39,684
370,41,2.8,44,5,35,730
371,20,5.2,25,1,30,378
372,27,3.7,19,0,36,550
373,36,3.8,48,3,40,557
374,33,4.7,38,1,33,541
375,38,3.6,42,1,39,602
376,20,2.0,27,5,35,722
377,26,0.8,16,0,35,867
378,38,2.6,35,3,33,648
379,27,2.6,37,3,31,723
380,21,4.3,28,5,33,455
381,33,0.5,18,5,36,785
382,35,0.1,40,2,37,1029
383,41,4.7,15,3,35,451
384,41,0.9,26,2,37,813
385,25,6.0,42,0,39,437
386,40,1.7,38,4,31,786
387,30,3.6,30,2,33,640
388,37,0.9,50,2,40,985
389,41,3.0,16,2,31,665
390,40,4.9,46,5,34,383
391,43,0.7,38,0,35,934
392,24,4.8,23,2,35,414
393,40,5.1,38,1,32,465
394,23,4.1,40,2,33,495
395,33,2.4,34,3,40,705
396,25,2.2,47,2,33,787
397,35,3.3,37,1,32,672
398,24,1.8,41,0,37,787
399,26,0.5,32,2,37,919
400,32,5.2,42,5,38,419
401,41,1.4,35,2,31,782
402,22,1.5,40,3,32,760
403,36,4.2,16,1,39,470
404,41,4.2,25,2,32,580
405,24,2.1,50,1,38,756
406,32,0.7,23,3,37,842
407,27,5.6,33,1,32,446
408,31,2.9,48,4,40,688
409,37,1.1,23,3,39,840
410,22,0.4,47,1,31,965
411,38,0.5,47,4,31,939
412,37,3.8,31,1,32,532
413,37,1.8,28,3,33,738
414,22,3.6,28,2,40,508
415,29,1.7,23,4,32,783
416,32,4.0,19,2,33,522
417,42,2.8,24,0,30,743
418,29,0.5,26,5,35,801
419,30,5.5,43,4,35,357
420,32,2.2,32,4,40,686
421,37,4.3,27,0,39,635
422,31,3.1,19,2,34,606
423,24,3.4,46,3,40,580
424,44,1.6,33,0,30,923
425,29,1.9,35,0,30,782
426,28,0.4,44,1,31,1018
427,44,2.9,44,2,35,773
428,32,3.6,42,1,39,581
429,44,5.9,28,1,36,402
430,43,2.3,46,0,39,844
431,25,1.4,36,3,39,771
432,29,4.1,19,3,39,450
433,40,2.8,42,4,30,747
434,23,5.6,26,0,37,403
435,29,0.6,30,5,32,781
436,42,3.8,33,3,34,506
437,42,0.0,39,3,39,992
438,28,6.0,26,5,36,216
439,35,2.3,42,5,40,766
440,42,1.6,24,1,30,772
441,22,2.4,46,4,31,761
442,41,4.9,32,2,32,487
443,45,1.9,20,2,36,756
444,37,0.5,45,3,38,907
445,26,4.7,41,5,40,459
446,29,4.2,40,0,33,526
447,34,5.4,33,3,35,353
448,29,0.5,36,3,39,943
449,25,3.3,48,4,36,637
450,44,5.7,29,4,40,372
451,36,0.0,20,5,36,828
452,28,1.7,29,5,36,684
453,26,3.6,48,1,34,684
454,29,4.5,25,5,32,446
455,31,4.8,35,3,33,479
456,20,0.1,39,1,36,1009
457,37,2.0,15,3,33,774
458,24,4.4,28,5,37,430
459,30,2.4,40,3,32,733
460,33,1.6,46,1,34,926
461,20,6.0,30,0,33,352
462,29,0.0,46,2,31,1014
463,33,0.0,43,3,37,961
464,41,3.0,41,4,34,605
465,40,5.2,35,3,37,494
466,23,5.3,20,4,34,370
467,43,0.3,25,5,30,857
468,21,1.2,29,4,30,830
469,41,6.0,46,4,31,408
470,22,2.1,45,2,31,698
471,40,0.0,34,2,40,1064
472,42,1.1,36,4,39,856
473,39,0.7,26,2,32,899
474,44,0.9,22,3,34,794
475,38,0.9,50,5,38,885
476,25,5.5,31,4,30,296
477,23,0.1,33,0,30,932
478,44,1.5,34,1,36,885
479,45,1.8,34,5,36,786
480,31,0.7,44,2,35,926
481,44,1.3,33,4,38,884
482,23,0.8,47,5,38,811
483,31,4.2,47,1,34,570
484,39,4.4,49,0,37,557
485,27,1.2,26,4,33,790
486,20,2.4,37,0,33,759
487,24,2.7,15,2,35,633
488,33,2.3,36,2,32,726
489,31,5.9,23,0,38,346
490,41,4.8,32,2,35,429
491,20,4.8,17,0,35,501
492,31,2.8,37,0,36,729
493,42,5.4,22,4,40,424
494,42,3.1,23,1,36,653
495,26,1.2,44,0,34,980
496,21,2.6,44,5,38,595
497,23,0.6,21,5,33,759
498,33,5.3,44,4,35,441
499,21,5.5,48,2,38,422
500,22,3.7,26,1,31,527
501,26,1.2,30,0,40,849
502,44,1.1,19,4,31,798
503,45,3.9,41,5,33,590
504,21,5.2,44,4,31,419
505,36,3.1,26,5,39,530
506,33,5.3,41,1,38,497
507,45,3.3,19,3,31,548
508,31,4.7,45,5,36,473
509,31,0.5,30,3,38,918
510,31,3.3,40,1,33,639
511,24,4.3,15,5,40,399
512,31,3.5,39,0,30,632
513,34,2.9,45,2,36,765
514,22,5.9,39,2,32,354
515,39,1.2,44,2,35,949
516,26,4.7,50,3,34,488
517,32,5.6,28,3,35,276
518,32,4.9,21,4,32,450
519,23,1.1,43,0,35,972
520,24,5.7,43,0,32,460
521,41,4.7,47,2,37,577
522,43,2.4,40,0,38,775
523,28,3.1,48,2,40,724
524,34,4.2,37,3,33,505
525,40,5.9,36,2,30,435
526,31,1.1,32,1,36,918
527,22,0.6,46,0,30,952
528,27,2.9,26,3,32,560
529,39,0.3,23,5,36,881
530,35,4.3,17,3,31,528
531,37,1.3,24,4,39,724
532,24,5.3,37,5,32,413
533,34,5.2,43,3,39,466
534,41,3.1,19,5,38,588
535,41,1.0,48,2,37,949
536,28,4.7,48,0,34,613
537,44,3.1,35,3,37,608
538,40,2.3,48,4,30,823
539,24,0.4,36,5,30,858
540,25,5.6,22,3,39,365
541,29,3.7,27,3,32,602
542,39,3.7,46,5,34,648
543,29,4.9,18,3,39,403
544,34,2.1,47,1,36,872
545,22,3.1,42,5,38,579
546,35,1.7,23,0,30,841
547,25,4.3,26,1,39,497
548,31,5.8,36,2,34,299
549,26,0.9,16,3,33,750
550,42,5.5,31,3,38,363
551,40,5.9,50,2,34,386
552,34,3.2,26,0,35,613
553,36,5.1,33,2,35,468
554,24,3.1,38,4,30,563
555,40,2.9,47,1,32,686
556,21,1.1,27,1,33,856
557,41,0.6,33,3,33,883
558,28,0.8,17,3,32,782
559,34,4.4,35,2,34,513
560,36,5.0,27,1,38,456
561,34,1.7,24,0,37,794
562,26,2.2,32,1,38,704
563,30,2.7,22,2,37,697
564,36,5.6,31,3,40,310
565,31,1.2,47,1,40,891
566,22,2.5,27,1,32,713
567,44,3.7,30,5,37,548
568,42,1.0,46,3,30,880
569,25,4.3,39,3,36,435
570,41,2.2,40,5,40,690
571,45,0.8,38,3,37,882
572,20,3.8,25,1,40,546
573,32,3.3,36,1,39,713
574,35,4.8,47,2,38,595
575,28,4.0,23,1,39,467
576,30,4.6,44,0,40,627
577,20,5.1,49,3,33,366
578,26,0.6,41,0,34,986
579,23,5.5,19,2,30,342
580,32,3.2,30,4,35,640
581,25,2.6,34,4,31,705
582,24,2.8,43,3,39,737
583,30,1.4,31,5,35,740
584,44,4.6,43,3,34,510
585,32,1.2,32,0,34,856
586,38,2.3,30,2,33,722
587,43,1.2,39,0,39,987
588,26,0.3,28,1,31,911
589,26,5.0,25,0,37,466
590,45,6.0,49,0,36,455
591,25,3.0,36,4,37,606
592,32,1.7,28,1,38,872
593,39,4.6,20,3,34,409
594,31,4.4,27,1,39,563
595,29,4.6,29,1,30,426
596,22,4.3,29,5,34,420
597,31,1.1,26,2,39,850
598,32,1.2,29,2,32,853
599,27,1.3,35,0,34,887
600,42,2.6,48,3,31,724
601,30,1.1,17,5,31,685
602,44,1.0,33,5,37,833
603,43,3.3,16,0,34,575
604,25,2.5,24,1,40,663
605,43,1.9,42,4,40,776
606,31,2.5,47,0,39,743
607,25,1.7,18,2,35,681
608,35,5.7,45,5,36,381
609,23,6.0,40,1,31,390
610,37,4.6,20,5,36,439
611,20,2.1,22,4,33,702
612,20,0.0,40,5,37,900
613,38,1.8,50,0,34,973
614,26,5.5,18,5,31,275
615,31,5.5,37,5,30,298
616,43,0.2,27,3,30,915
617,32,5.1,46,1,33,445
618,38,2.0,38,5,31,798
619,20,1.4,19,4,32,785
620,39,2.8,33,3,32,616
621,36,1.0,15,2,34,778
622,34,5.2,24,2,31,341
623,20,1.9,35,3,38,659
624,20,4.3,48,3,35,501
625,33,5.9,24,2,30,345
626,26,1.5,46,3,36,859
627,20,0.4,44,1,33,1029
628,44,5.0,30,4,33,435
629,39,3.4,50,0,40,706
630,28,0.1,29,4,38,921
631,45,2.9,26,3,35,665
632,33,4.2,24,2,39,497
633,31,2.3,42,5,31,728
634,35,0.8,24,5,34,819
635,30,1.4,34,0,39,891
636,33,3.9,45,5,36,501
637,37,3.3,30,1,40,690
638,34,0.8,16,1,35,808
639,21,4.9,16,3,39,294
640,35,2.8,39,4,30,600
641,39,2.4,50,2,35,829
642,45,0.4,18,4,33,828
643,30,2.5,34,4,37,607
644,36,5.3,29,5,35,423
645,28,4.1,18,4,32,461
646,37,1.8,38,0,33,901
647,21,3.3,37,5,35,485
648,40,2.1,32,2,40,751
649,21,2.6,23,0,34,718
650,33,0.9,31,5,36,815
651,24,5.7,28,0,36,434
652,38,5.7,27,1,30,403
653,25,2.7,28,1,40,753
654,28,5.4,35,4,31,315
655,35,0.8,37,1,36,1007
656,31,4.3,27,1,34,463
657,20,1.5,44,3,36,740
658,34,3.2,33,2,38,606
659,25,0.6,29,0,31,865
660,40,2.8,16,0,31,655
661,26,5.3,49,0,34,457
662,20,0.2,27,4,36,912
663,27,2.4,26,1,34,706
664,45,0.8,34,4,40,942
665,37,2.4,42,4,37,731
666,22,2.1,39,0,40,743
667,21,5.8,36,2,39,306
668,29,0.8,25,0,36,933
669,35,0.8,48,2,33,915
670,34,1.2,25,2,39,844
671,40,3.2,25,0,31,689
672,34,5.7,26,4,35,337
673,41,3.1,29,5,39,603
674,37,2.2,22,4,31,642
675,40,1.7,41,5,30,719
676,45,2.1,30,5,34,765
677,23,4.8,17,2,31,447
678,21,0.8,50,4,38,818
679,22,1.4,28,5,40,777
680,26,0.6,28,1,30,837
681,36,0.3,17,2,30,972
682,21,2.4,24,3,33,711
683,40,0.7,48,2,31,905
684,28,4.4,41,5,35,506
685,42,1.4,31,2,36,788
686,37,5.1,37,3,30,503
687,29,1.9,45,3,37,852
688,35,3.6,49,4,37,639
689,40,5.8,18,4,40,229
690,44,3.2,38,3,31,603
691,28,2.1,17,2,39,715
692,20,2.6,21,5,38,501
693,20,1.1,38,2,34,794
694,27,2.4,42,2,30,665
695,29,0.5,50,0,30,1086
696,32,4.3,17,3,39,515
697,22,0.0,30,5,38,865
698,23,4.6,19,5,37,289
699,40,1.6,35,3,36,761
700,45,4.7,34,1,37,567
701,25,2.0,30,4,30,690
702,38,0.6,19,3,36,849
703,28,2.7,46,1,40,669
704,24,5.7,33,3,36,367
705,32,0.0,20,0,39,1050
706,36,0.8,31,0,30,900
707,22,0.1,15,0,39,954
708,33,1.1,27,4,36,806
709,35,0.7,16,1,38,828
710,42,5.3,34,0,31,540
711,36,0.0,49,5,36,1028
712,42,2.8,28,2,36,674
713,40,0.7,28,5,35,905
714,26,1.0,26,3,35,799
715,34,1.7,49,3,31,843
716,20,3.0,37,4,30,659
717,30,3.9,41,2,35,537
718,34,2.4,41,1,37,707
719,27,3.0,22,2,33,650
720,24,5.7,45,2,40,425
721,21,1.5,37,0,35,878
722,29,5.8,28,5,32,345
723,41,4.1,22,1,38,520
724,37,2.8,42,2,40,697
725,35,5.1,47,0,36,495
726,29,1.0,29,5,36,727
727,32,2.2,48,5,40,721
728,20,2.7,45,1,33,723
729,31,2.1,31,2,38,739
730,21,3.4,36,0,37,718
731,42,3.7,35,1,40,568
732,33,3.1,30,3,32,603
733,22,1.5,20,5,39,654
734,38,0.9,33,4,38,924
735,27,3.1,48,3,34,693
736,34,4.4,40,3,34,591
737,31,0.9,30,5,32,867
738,35,5.8,29,4,38,386
739,20,0.4,17,4,35,854
740,28,3.9,25,4,37,512
741,38,4.7,40,3,38,482
742,29,2.2,31,3,40,763
743,40,0.4,45,2,36,995
744,20,0.0,43,4,40,887
745,30,5.3,25,4,32,317
746,25,1.2,19,4,32,786
747,22,3.0,39,3,30,642
748,22,3.1,43,0,38,690
749,38,2.8,26,2,37,608
750,40,4.1,22,0,37,527
751,27,1.7,15,3,33,747
752,40,5.7,49,1,32,467
753,31,5.5,17,5,31,334
754,30,1.3,31,4,32,816
755,34,1.7,34,0,38,845
756,38,0.9,33,2,38,949
757,28,2.7,32,5,36,624
758,44,5.5,23,2,31,466
759,37,1.4,17,2,40,780
760,38,2.3,45,5,34,726
761,45,1.8,28,4,33,802
762,21,3.6,26,3,40,518
763,29,1.8,43,1,34,882
764,32,1.5,49,1,30,916
765,30,0.7,50,1,36,929
766,20,4.7,45,0,35,484
767,23,5.7,33,0,37,463
768,39,5.0,16,0,36,406
769,24,3.1,40,3,30,625
770,39,2.3,33,4,37,769
771,30,1.1,21,1,35,912
772,29,1.7,33,0,38,760
773,28,5.6,49,2,34,417
774,20,0.6,20,2,34,802
775,45,4.8,43,5,38,441
776,36,0.5,19,3,40,878
777,40,2.5,37,0,38,764
778,38,5.2,45,2,34,433
779,41,1.5,36,4,33,792
780,31,2.0,43,5,40,669
781,38,1.1,38,5,31,823
782,33,2.1,15,5,30,590
783,25,3.8,23,0,39,599
784,22,4.7,24,5,33,437
785,36,6.0,38,5,35,358
786,31,2.5,47,1,34,828
787,39,3.4,28,4,31,551
788,35,5.5,49,5,34,348
789,26,1.9,39,5,38,718
790,37,2.7,27,5,30,674
791,36,0.6,19,4,33,816
792,22,2.1,39,2,30,810
793,22,2.5,33,3,36,678
794,34,5.2,37,3,39,436
795,41,3.4,24,0,32,584
796,44,3.9,27,3,34,511
797,26,0.0,25,4,31,957
798,31,3.1,47,0,38,682
799,31,3.5,38,2,38,560
800,29,0.0,18,4,31,844
801,24,1.4,49,2,34,835
802,29,5.7,34,5,36,308
803,30,4.3,47,4,31,485
804,38,0.8,43,4,36,967
805,43,5.8,29,2,30,427
806,45,2.8,37,5,39,683
807,32,1.2,35,5,40,765
808,29,3.1,50,2,35,730
809,34,5.9,40,0,32,372
810,36,1.9,19,1,39,810
811,39,4.9,50,0,38,553
812,27,2.5,38,4,34,620
813,25,5.4,45,3,35,353
814,21,4.2,25,0,32,580
815,36,5.8,29,5,36,273
816,41,3.4,17,1,32,584
817,27,2.7,43,1,38,722
818,43,0.1,35,4,40,974
819,24,3.8,49,1,38,603
820,33,4.2,34,3,32,468
821,22,3.5,17,2,32,498
822,44,5.3,23,2,39,447
823,32,3.6,31,4,33,561
824,26,3.0,41,0,37,646
825,36,2.7,44,3,39,730
826,43,5.2,39,1,38,518
827,20,1.6,43,1,38,817
828,22,5.2,45,2,32,490
829,40,3.5,41,2,32,617
830,41,5.7,31,2,30,429
831,40,2.4,47,1,40,746
832,44,0.4,20,4,37,870
833,26,2.3,43,0,40,862
834,45,2.0,28,5,40,711
835,30,5.7,28,4,35,259
836,21,5.8,28,4,32,209
837,28,5.5,24,5,34,349
838,43,5.1,31,0,33,527
839,37,0.7,25,5,30,851
840,38,1.1,37,0,35,982
841,38,3.4,20,0,30,708
842,42,3.7,37,5,31,553
843,22,0.8,47,1,40,886
844,25,3.8,38,1,30,649
845,43,4.8,16,5,38,394
846,45,5.7,16,2,39,353
847,34,5.7,49,3,32,460
848,42,3.7,18,0,31,611
849,33,5.9,36,3,37,286
850,23,1.1,41,2,36,824
851,29,1.4,32,0,32,818
852,26,2.4,27,3,32,711
853,31,0.7,15,4,36,748
854,26,4.9,42,2,38,495
855,36,3.5,33,1,35,694
856,29,2.9,39,4,32,651
857,41,4.2,30,5,40,530
858,45,1.0,43,2,32,912
859,30,5.4,48,1,32,471
860,23,2.5,17,5,39,646
861,27,1.9,42,4,31,764
862,34,2.4,48,0,35,788
863,43,5.2,20,3,37,327
864,24,3.3,15,3,33,522
865,38,1.5,33,3,39,740
866,24,5.5,27,1,36,380
867,32,0.3,35,2,39,1003
868,34,1.6,18,1,38,843
869,27,4.7,43,5,35,499
870,29,1.2,43,5,34,740
871,21,4.7,17,0,36,421
872,38,2.7,42,5,40,663
873,29,1.2,48,5,37,780
874,27,2.2,20,2,31,767
875,28,0.7,25,5,35,767
876,44,0.6,40,2,38,1017
877,45,0.7,25,2,32,944
878,43,4.9,19,1,34,537
879,33,2.3,20,5,35,621
880,41,3.9,25,0,36,556
881,32,4.6,41,1,32,601
882,24,5.0,20,0,40,420
883,34,1.7,39,4,38,774
884,24,2.0,25,2,38,732
885,28,4.1,36,0,39,571
886,44,4.5,23,1,35,571
887,27,5.2,30,0,37,486
888,33,4.6,49,2,33,499
889,41,1.8,21,2,39,765
890,32,0.1,41,2,39,924
891,38,2.5,41,3,35,678
892,40,0.2,45,0,37,1004
893,41,4.7,25,3,40,440
894,35,1.4,15,2,36,709
895,42,2.2,17,2,31,662
896,44,5.2,32,4,37,421
897,29,1.6,42,2,33,763
898,30,3.2,20,2,33,527
899,42,5.0,42,5,37,444
900,22,3.7,49,0,31,633
901,41,5.3,20,2,37,374
902,45,5.7,42,0,40,485
903,33,4.7,28,4,38,372
904,35,0.4,44,3,33,922
905,21,4.2,38,2,40,575
906,30,1.3,38,4,32,829
907,22,1.2,44,4,32,812
908,21,1.6,41,5,39,698
909,45,2.5,42,5,40,651
910,41,2.8,27,4,30,651
911,24,0.2,48,0,31,1021
912,45,6.0,17,4,30,319
913,38,1.8,38,3,36,812
914,45,3.6,35,4,31,599
915,30,2.3,46,2,30,814
916,24,1.0,32,4,31,741
917,33,3.3,40,5,38,630
918,44,1.9,46,3,40,773
919,31,1.1,37,2,33,898
920,35,5.9,34,2,36,292
921,44,5.2,37,0,32,551
922,25,4.3,33,5,37,486
923,35,4.2,35,4,37,494
924,20,1.9,25,1,35,752
925,37,4.5,48,1,30,585
926,24,1.7,16,4,33,730
927,39,2.5,49,5,36,699
928,41,3.3,27,2,32,572
929,30,5.7,43,1,32,391
930,34,5.4,29,5,31,314
931,27,1.6,18,5,40,678
932,21,5.0,42,3,30,426
933,25,2.2,39,1,37,719
934,25,4.6,36,4,30,401
935,24,3.3,17,3,30,479
936,38,4.8,34,2,40,517
937,24,2.3,41,5,34,695
938,25,0.4,44,4,36,963
939,21,4.9,30,4,39,437
940,34,5.7,34,2,36,331
941,28,5.8,33,2,31,387
942,45,4.9,33,0,33,515
943,22,0.1,16,3,32,796
944,38,5.9,26,0,35,458
945,28,1.6,16,0,36,790
946,32,0.6,22,5,30,868
947,24,3.9,29,4,33,507
948,29,1.8,19,1,35,826
949,39,0.9,36,1,35,859
950,26,3.8,32,0,35,655
951,20,2.0,22,4,34,722
952,38,4.4,21,0,33,526
953,31,5.6,17,0,35,328
954,22,1.7,41,0,36,863
955,33,5.4,47,0,34,495
956,38,4.7,26,3,40,448
957,44,4.8,50,3,31,543
958,28,5.0,23,2,36,433
959,38,2.8,50,3,38,705
960,28,1.3,49,5,30,767
961,40,1.5,19,2,36,783
962,30,6.0,32,4,34,258
963,41,3.5,15,3,32,556
964,32,1.4,31,3,35,870
965,25,1.9,26,2,39,790
966,28,1.4,29,4,40,822
967,42,5.9,18,3,33,349
968,35,5.9,26,1,40,398
969,42,0.1,21,2,31,895
970,32,5.9,48,0,31,504
971,37,3.0,33,0,34,766
972,25,1.8,17,4,40,693
973,35,5.9,49,3,33,345
974,27,2.3,50,0,35,838
975,38,1.8,18,4,30,690
976,27,5.6,27,1,30,389
977,24,3.0,45,3,36,712
978,38,0.5,48,3,40,1019
979,25,4.9,46,1,40,557
980,36,5.2,26,3,40,354
981,43,4.5,31,3,33,440
982,24,2.2,27,0,39,785
983,44,4.8,28,3,38,503
984,36,3.2,46,3,37,665
985,33,3.2,49,3,30,686
986,45,2.4,17,2,31,701
987,35,2.0,44,0,36,800
988,30,2.6,32,0,39,690
989,29,1.5,48,2,35,793
990,44,3.4,46,1,38,690
991,35,3.1,26,3,35,677
992,39,3.6,19,0,35,629
993,42,0.4,24,2,39,912
994,44,0.2,43,1,35,1031
995,43,5.8,43,5,30,303
996,34,4.6,35,3,37,494
997,33,5.8,18,2,30,393
998,32,4.6,43,2,31,483
999,38,2.5,38,3,36,703
1000,42,4.5,47,1,35,652
